{
  "best_ma_window": 5,
  "ma3_return": -0.0422524282957244,
  "ma5_return": 0.03257504721144211
}